State/UT,Decade,Year,District-Before,District-After,
Andhra Pradesh-Telangana,1951-1961,1953,Warangal,Warangal,
Andhra Pradesh-Telangana,1951-1961,1953,Warangal,Khammam,
Arunachal Pradesh,1951-1961,1954,Balipara Frontier Tract,Subansiri Frontier Division,
Arunachal Pradesh,1951-1961,1954,Balipara Frontier Tract,Kameng Frontier Division,
Himachal Pradesh,1951-1961,1960,Kangra,Kangra,
Himachal Pradesh,1951-1961,1960,Kangra,Lahaul and Spiti,
Himachal Pradesh,1951-1961,1960,Mahasu,Mahasu,
Himachal Pradesh,1951-1961,1960,Mahasu,Kinnaur,
Kerala,1951-1961,1957,Malabar,Cannanore,
Kerala,1951-1961,1957,Malabar,Kozhikode,
Kerala,1951-1961,1957,Malabar,Palghat,
Kerala,1951-1961,1957,Kottayam,Alleppey,
Kerala,1951-1961,1957,Kottayam,Kottayam,
Kerala,1951-1961,1957,Quilon,Alleppey,
Kerala,1951-1961,1957,Quilon,Quilon,
Kerala,1951-1961,1958,Kottayam,Ernakulam,
Kerala,1951-1961,1958,Kottayam,Kottayam,
Kerala,1951-1961,1958,Trichur,Ernakulam,
Kerala,1951-1961,1958,Trichur,Trichur,
Madhya Pradesh,1951-1961,1956,Sagar,Sagar,
Madhya Pradesh,1951-1961,1956,Sagar,Damoh,
Madhya Pradesh,1951-1961,1956,Chhindwara,Chhindwara,
Madhya Pradesh,1951-1961,1956,Chhindwara,Seoni,
Madhya Pradesh,1951-1961,1956,Hoshangabad,Hoshangabad,
Madhya Pradesh,1951-1961,1956,Hoshangabad,Narsimhapur,
Madhya Pradesh,1951-1961,1956,Nimar,West Nimar,
Madhya Pradesh,1951-1961,1956,Nimar,East Nimar,
Nagaland,1951-1961,1957,Tuensang,Tuensang,
Nagaland,1951-1961,1957,Tuensang,Mokokchung,
Tamil Nadu,1951-1961,1956,Trivandrum,Kanyakumari,
Tamil Nadu,1951-1961,1956,Trivandrum,Trivandrum,
Telangana,1951-1961,1953,Warangal,Khammam,
Telangana,1951-1961,1953,Warangal,Warangal,
Uttarakhand,1951-1961,1960,Almora,Almora,
Uttarakhand,1951-1961,1960,Almora,Pithoragarh,
Uttarakhand,1951-1961,1960,Tehri Garhwal,Tehri Garhwal,
Uttarakhand,1951-1961,1960,Tehri Garhwal,Uttar Kashi,
Uttarakhand,1951-1961,1960,Garhwal,Chamoli,
Uttarakhand,1951-1961,1960,Garhwal,Garhwal,
Jammu and Kashmir,1951-1961,1956,Jammu and Kashmir,Anantnag,
Jammu and Kashmir,1951-1961,1956,Jammu and Kashmir,Baramulla,
Jammu and Kashmir,1951-1961,1956,Jammu and Kashmir,Doda,
Jammu and Kashmir,1951-1961,1956,Jammu and Kashmir,Jammu,
Jammu and Kashmir,1951-1961,1956,Jammu and Kashmir,Kathua,
Jammu and Kashmir,1951-1961,1956,Jammu and Kashmir,Ladakh,
Jammu and Kashmir,1951-1961,1956,Jammu and Kashmir,Poonch,
Jammu and Kashmir,1951-1961,1956,Jammu and Kashmir,Srinagar,
Jammu and Kashmir,1951-1961,1956,Jammu and Kashmir,Udhampur,
Andhra Pradesh,1961-1971,1970,Nellore,Nellore,
Andhra Pradesh,1961-1971,1970,Nellore,Ongole,
Assam,1961-1971,1970,United Mikir and North Cachar Hills,Mikir Hills,
Assam,1961-1971,1970,United Mikir and North Cachar Hills,North Cachar Hills,
Chandigarh,1961-1971,1966,Ambala,Ambala,
Chandigarh,1961-1971,1966,Ambala,Chandigarh,
Daman and Diu,1961-1971,1961,Daman and Diu,Daman,
Daman and Diu,1961-1971,1961,Daman and Diu,Diu,
Gujarat,1961-1971,1964,Mehsana,Mahesana,
Gujarat,1961-1971,1964,Mehsana,Gandhinagar,
Gujarat,1961-1971,1964,Ahmadabad,Gandhinagar,
Gujarat,1961-1971,1966,Surat,Valsad,
Gujarat,1961-1971,1966,Surat,Surat,
Himachal Pradesh,1961-1971,1966,Kangra,Kangra,
Himachal Pradesh,1961-1971,1966,Kangra,Kulu,
Jammu and Kashmir,1961-1971,1968,Poonch,Punch,
Jammu and Kashmir,1961-1971,1968,Poonch,Rajauri,
Kerala,1961-1971,1969,Kozhikode,Kozhikode,
Kerala,1961-1971,1969,Kozhikode,Malappuram,
Kerala,1961-1971,1969,Palghat,Palghat,
Kerala,1961-1971,1969,Palghat,Malappuram,
Manipur,1961-1971,1969,Manipur,Manipur North,
Manipur,1961-1971,1969,Manipur,Manipur South,
Manipur,1961-1971,1969,Manipur,Manipur East,
Manipur,1961-1971,1969,Manipur,Manipur West,
Manipur,1961-1971,1969,Manipur,Manipur Central,
Tamil Nadu,1961-1971,1965,Salem,Salem,
Tamil Nadu,1961-1971,1965,Salem,Dharmapuri,
Tripura,1961-1971,1970,Tripura,North Tripura,
Tripura,1961-1971,1970,Tripura,West Tripura,
Tripura,1961-1971,1970,Tripura,South Tripura,
Andaman and Nicobar Islands,1971-1981,1974,Andaman and Nicobar Islands,Andaman,
Andaman and Nicobar Islands,1971-1981,1974,Andaman and Nicobar Islands,Nicobar,
Andhra Pradesh,1971-1981,1978,Hyderabad,Hyderabad,
Andhra Pradesh,1971-1981,1978,Hyderabad,Rangareddy,
Andhra Pradesh,1971-1981,1979,Visakhapatnam,Visakhapatnam,
Andhra Pradesh,1971-1981,1979,Visakhapatnam,Vizianagaram,
Andhra Pradesh,1971-1981,1979,Srikakulum,Srikakulam,
Andhra Pradesh,1971-1981,1979,Srikakulum,Vizianagaram,
Arunachal Pradesh,1971-1981,1980,Kameng,West Kameng,
Arunachal Pradesh,1971-1981,1980,Kameng,East Kameng,
Arunachal Pradesh,1971-1981,1980,Siang,West Siang,
Arunachal Pradesh,1971-1981,1980,Siang,Siang,
Arunachal Pradesh,1971-1981,1980,Lohit,Lohit,
Arunachal Pradesh,1971-1981,1980,Lohit,Dibang Valley,
Assam,1971-1981,1976,Lakhimpur,Lakhimpur,
Assam,1971-1981,1976,Lakhimpur,Dibrugarh,
Bihar,1971-1981,1977,Champaran,Purba Champaran,
Bihar,1971-1981,1977,Champaran,Pashchim Champaran,
Bihar,1971-1981,1972,Muzaffarpur,Muzaffarpur,
Bihar,1971-1981,1972,Muzaffarpur,Sitamarhi,
Bihar,1971-1981,1972,Muzaffarpur,Vaishali,
Bihar,1971-1981,1972,Darbhanga,Darbhanga,
Bihar,1971-1981,1972,Darbhanga,Madhubani,
Bihar,1971-1981,1972,Darbhanga,Samastipur,
Bihar,1971-1981,1973,Purnea,Purnia,
Bihar,1971-1981,1973,Purnea,Katihar,
Bihar,1971-1981,1973,Saran,Saran,
Bihar,1971-1981,1973,Saran,Siwan,
Bihar,1971-1981,1973,Saran,Gopalganj,
Bihar,1971-1981,1972,Monghyr,Munger,
Bihar,1971-1981,1972,Monghyr,Begusarai,
Bihar,1971-1981,1972,Patna,Patna,
Bihar,1971-1981,1972,Patna,Nalanda,
Bihar,1971-1981,1972,Shahabad,Bhojpur,
Bihar,1971-1981,1972,Shahabad,Rohtas,
Bihar,1971-1981,1973,Gaya,Gaya,
Bihar,1971-1981,1973,Gaya,Aurangabad,
Bihar,1971-1981,1973,Gaya,Nawada,
Chhattisgarh,1971-1981,1973,Durg,Durg,
Chhattisgarh,1971-1981,1973,Durg,Raj Nandgaon,
Haryana,1971-1981,1972,Hisar,Hisar,
Haryana,1971-1981,1972,Hisar,Bhiwani,
Haryana,1971-1981,1972,Rohtak,Rohtak,
Haryana,1971-1981,1972,Rohtak,Sonipat,
Haryana,1971-1981,1973,Karnal,Karnal,
Haryana,1971-1981,1973,Karnal,Kurukshetra,
Haryana,1971-1981,1975,Hisar,Hisar,
Haryana,1971-1981,1975,Hisar,Sirsa,
Haryana,1971-1981,1979,Gurgaon,Gurgaon,
Haryana,1971-1981,1979,Gurgaon,Faridabad,
Himachal Pradesh,1971-1981,1972,Kangra,Kangra,
Himachal Pradesh,1971-1981,1972,Kangra,Hamirpur,
Himachal Pradesh,1971-1981,1972,Kangra,Una,
Himachal Pradesh,1971-1981,1972,Simla,Simla,
Himachal Pradesh,1971-1981,1972,Simla,Solan,
Jammu and Kashmir,1971-1981,1979,Baramula,Kupwara,
Jammu and Kashmir,1971-1981,1979,Baramula,Baramula,
Jammu and Kashmir,1971-1981,1979,Srinagar,Badgam,
Jammu and Kashmir,1971-1981,1979,Srinagar,Srinagar,
Jammu and Kashmir,1971-1981,1979,Srinagar,Pulwama,
Jammu and Kashmir,1971-1981,1979,Ladakh,Ladakh,
Jammu and Kashmir,1971-1981,1979,Ladakh,Kargil,
Jharkhand,1971-1981,1972,Hazaribagh,Hazaribag,
Jharkhand,1971-1981,1972,Hazaribagh,Giridih,
Kerala,1971-1981,1972,Ernakulam,Idukki,
Kerala,1971-1981,1972,Ernakulam,Ernakulam,
Kerala,1971-1981,1972,Kottayam,Idukki,
Kerala,1971-1981,1972,Kottayam,Kottayam,
Kerala,1971-1981,1980,Kozhikode,Kozhikode,
Kerala,1971-1981,1980,Kozhikode,Wayanad,
Kerala,1971-1981,1980,Cannanore,Cannanore,
Kerala,1971-1981,1980,Cannanore,Wayanad,
Ladakh,1971-1981,1979,Ladakh,Ladakh,
Ladakh,1971-1981,1979,Ladakh,Kargil,
Madhya Pradesh,1971-1981,1972,Sehore,Sehore,
Madhya Pradesh,1971-1981,1972,Sehore,Bhopal,
Manipur,1971-1981,1974,Manipur Central,Tengnoupal,
Manipur,1971-1981,1974,Manipur Central,Manipur Central,
Meghalaya,1971-1981,1976,Garo Hills,East Garo Hills,
Meghalaya,1971-1981,1976,Garo Hills,West Garo Hills,
Meghalaya,1971-1981,1976,United Khasi and Jaintia Hills,West Khasi Hills,
Meghalaya,1971-1981,1976,United Khasi and Jaintia Hills,East Khasi Hills,
Meghalaya,1971-1981,1976,United Khasi and Jaintia Hills,Jaintia Hills,
Mizoram,1971-1981,1972,Mizoram,Aizawl,
Mizoram,1971-1981,1972,Mizoram,Lunglei,
Mizoram,1971-1981,1972,Mizoram,Chhimtuipui,
Nagaland,1971-1981,1973,Tuensang,Tuensang,
Nagaland,1971-1981,1973,Tuensang,Mon,
Nagaland,1971-1981,1973,Mokokchung,Mokokchung,
Nagaland,1971-1981,1973,Mokokchung,Wokha,
Nagaland,1971-1981,1973,Mokokchung,Zunheboto,
Nagaland,1971-1981,1973,Kohima,Kohima,
Nagaland,1971-1981,1973,Kohima,Phek,
Punjab,1971-1981,1972,Bhatinda,Bathinda,
Punjab,1971-1981,1972,Bhatinda,Faridkot,
Sikkim,1971-1981,1973,Sikkim,East District,
Sikkim,1971-1981,1973,Sikkim,West District,
Sikkim,1971-1981,1973,Sikkim,North District,
Sikkim,1971-1981,1973,Sikkim,South District,
Tamil Nadu,1971-1981,1974,Tiruchirapalli,Tiruchchirappalli,
Tamil Nadu,1971-1981,1974,Tiruchirapalli,Pudukkottai,
Tamil Nadu,1971-1981,1974,Thanjavur,Thanjavur,
Tamil Nadu,1971-1981,1974,Thanjavur,Pudukkottai,
Tamil Nadu,1971-1981,1979,Coimbatore,Coimbatore,
Tamil Nadu,1971-1981,1979,Coimbatore,Periyar,
Telangana,1971-1981,1978,Hyderabad,Ranga Reddy,
Telangana,1971-1981,1978,Hyderabad,Hyderabad,
Uttar Pradesh,1971-1981,1976,Bulandshahr,Bulandshahr,
Uttar Pradesh,1971-1981,1976,Bulandshahr,Ghaziabad,
Uttar Pradesh,1971-1981,1974,Jhansi,Jhansi,
Uttar Pradesh,1971-1981,1974,Jhansi,Lalitpur,
Arunachal Pradesh,1981-1991,1987,Subansiri,Lower Subansiri,
Arunachal Pradesh,1981-1991,1987,Subansiri,Upper Subansiri,
Arunachal Pradesh,1981-1991,1989,West Kameng,Tawang,
Arunachal Pradesh,1981-1991,1989,West Kameng,West Kameng,
Arunachal Pradesh,1981-1991,1987,Tirap,Changlang,
Arunachal Pradesh,1981-1991,1987,Tirap,Tirap,
Arunachal Pradesh,1981-1991,1989,West Siang,East Siang,
Arunachal Pradesh,1981-1991,1989,West Siang,West Siang,
Assam,1981-1991,1983,Goalpara,Kokrajhar,
Assam,1981-1991,1983,Goalpara,Dhuburi,
Assam,1981-1991,1983,Goalpara,Goalpara,
Assam,1981-1991,1983,Kamrup,Barpeta,
Assam,1981-1991,1983,Kamrup,Kamrup,
Assam,1981-1991,1983,Darrang,Sonitpur,
Assam,1981-1991,1983,Darrang,Darrang,
Assam,1981-1991,1983,Sibsagar,Sibsagar,
Assam,1981-1991,1983,Sibsagar,Jorhat,
Assam,1981-1991,1983,Cachar,Cachar,
Assam,1981-1991,1983,Cachar,Karimganj,
Assam,1981-1991,1985,Kamrup,Kamrup,
Assam,1981-1991,1985,Kamrup,Nalbali,
Assam,1981-1991,1987,Sibsagar,Golaghat,
Assam,1981-1991,1987,Sibsagar,Sibsagar,
Assam,1981-1991,1989,Cachar,Hailakandi,
Assam,1981-1991,1989,Cachar,Cachar,
Assam,1981-1991,1989,Goalpara,Bongaigaon,
Assam,1981-1991,1989,Goalpara,Goalpara,
Assam,1981-1991,1989,Kokrajihar,Bongaigaon,
Assam,1981-1991,1989,Kokrajihar,Kokrajihar,
Assam,1981-1991,1989,Dibrugarh,Tinsukia,
Assam,1981-1991,1989,Dibrugarh,Dibrugarh,
Assam,1981-1991,1989,Lakhimpur,Lakhimpur,
Assam,1981-1991,1989,Lakhimpur,Dhemaji,
Assam,1981-1991,1989,Nagaon,Marigaon,
Assam,1981-1991,1989,Nagaon,Nagaon,
Bihar,1981-1991,1981,Saharsa,Saharsa,
Bihar,1981-1991,1981,Saharsa,Madhepura,
Bihar,1981-1991,1990,Purnia,Purnia,
Bihar,1981-1991,1990,Purnia,Araria,
Bihar,1981-1991,1990,Purnia,Kishanganj,
Bihar,1981-1991,1981,Munger,Munger,
Bihar,1981-1991,1981,Munger,Khagaria,
Bihar,1981-1991,1986,Gaya,Gaya,
Bihar,1981-1991,1986,Gaya,Jehanabad,
Goa,1981-1991,1987,Goa,North Goa,
Goa,1981-1991,1987,Goa,South Goa,
Goa,1981-1991,1987,Goa,North Goa,
Goa,1981-1991,1987,Goa,South Goa,
Haryana,1981-1991,1989,Ambala,Ambala,
Haryana,1981-1991,1989,Ambala,Yamunanagar,
Haryana,1981-1991,1989,Karnal,Karnal,
Haryana,1981-1991,1989,Karnal,Panipat,
Haryana,1981-1991,1989,Kurukshetra,Kurukshetra,
Haryana,1981-1991,1989,Kurukshetra,Kaithal,
Haryana,1981-1991,1989,Mahendragarh,Mahendragarh,
Haryana,1981-1991,1989,Mahendragarh,Rewari,
Jharkhand,1981-1991,1981,Santhal Pargana,Deoghar,
Jharkhand,1981-1991,1981,Santhal Pargana,Dumka,
Jharkhand,1981-1991,1983,Santhal Pargana,Godda,
Jharkhand,1981-1991,1983,Santhal Pargana,Sahibganj,
Jharkhand,1981-1991,1983,Ranchi,Ranchi,
Jharkhand,1981-1991,1983,Ranchi,Gumla,
Jharkhand,1981-1991,1983,Ranchi,Lohardaga,
Jharkhand,1981-1991,1990,Singhbhum,Pashchimi Singhbhum,
Jharkhand,1981-1991,1990,Singhbhum,Purbi Singhbhum,
Karnataka,1981-1991,1986,Bangalore,Bangalore,
Karnataka,1981-1991,1986,Bangalore,Bangalore Rural,
Kerala,1981-1991,1982,Kollam,Pathanamthitta,
Kerala,1981-1991,1982,Kollam,Kollam,
Kerala,1981-1991,1982,Alappuzha,Pathanamthitta,
Kerala,1981-1991,1982,Alappuzha,Alappuzha,
Kerala,1981-1991,1982,Idukki,Pathanamthitta,
Kerala,1981-1991,1982,Idukki,Idukki,
Kerala,1981-1991,1984,Kannur,Kannur,
Kerala,1981-1991,1984,Kannur,Kasaragod,
Maharashtra,1981-1991,1981,Aurangabad,Aurangabad,
Maharashtra,1981-1991,1981,Aurangabad,Jalna,
Maharashtra,1981-1991,1981,Ratnagiri,Ratnagiri,
Maharashtra,1981-1991,1981,Ratnagiri,Sindhudurg,
Maharashtra,1981-1991,1982,Chandrapur,Chandrapur,
Maharashtra,1981-1991,1982,Chandrapur,Gadchiroli,
Maharashtra,1981-1991,1982,Osmanabad,Osmanabad,
Maharashtra,1981-1991,1982,Osmanabad,Latur,
Maharashtra,1981-1991,1990,Greater Bombay,Mumbai,
Maharashtra,1981-1991,1990,Greater Bombay,Mumbai (Suburban),
Manipur,1981-1991,1983,Manipur Central,Thoubal,
Manipur,1981-1991,1983,Manipur Central,Bishnupur,
Manipur,1981-1991,1983,Manipur Central,Imphal,
Rajasthan,1981-1991,1982,Bharatpur,Bharatpur,
Rajasthan,1981-1991,1982,Bharatpur,Dhaulpur,
Tamil Nadu,1981-1991,1985,Ramanathapuram,Pasumpon Muthuramalinga Thevar,
Tamil Nadu,1981-1991,1985,Ramanathapuram,Kamarajar,
Tamil Nadu,1981-1991,1985,Ramanathapuram,Ramanathapuram,
Tamil Nadu,1981-1991,1985,Madurai,Dindigul Anna,
Tamil Nadu,1981-1991,1985,Madurai,Madurai,
Tamil Nadu,1981-1991,1986,Tirunelveli,Chidambaranar,
Tamil Nadu,1981-1991,1986,Tirunelveli,Tirunelveli Kattabomman,
Tamil Nadu,1981-1991,1989,North Arcot,North Arcot Ambedkar,
Tamil Nadu,1981-1991,1989,North Arcot,Tiruvannamalai Sambuvarayar,
Uttar Pradesh,1981-1991,1988,Sahranpur,Hardwar,
Uttar Pradesh,1981-1991,1988,Sahranpur,Sahranpur,
Uttar Pradesh,1981-1991,1988,Basti,Basti,
Uttar Pradesh,1981-1991,1988,Basti,Siddharthnagar,
Uttar Pradesh,1981-1991,1989,Mainpuri,Mainpuri,
Uttar Pradesh,1981-1991,1989,Mainpuri,Firozabad,
Uttar Pradesh,1981-1991,1989,Agra,Agra,
Uttar Pradesh,1981-1991,1989,Agra,Firozabad,
Uttar Pradesh,1981-1991,1988,Azamgarh,Azamgarh,
Uttar Pradesh,1981-1991,1988,Azamgarh,Mau,
Uttar Pradesh,1981-1991,1989,Gorakhpur,Gorakhpur,
Uttar Pradesh,1981-1991,1989,Gorakhpur,Maharajganj,
Uttar Pradesh,1981-1991,1981,Kanpur,Kanpur Dehat,
Uttar Pradesh,1981-1991,1981,Kanpur,Kanpur Nagar,
Uttar Pradesh,1981-1991,1989,Mirzapur,Mirzapur,
Uttar Pradesh,1981-1991,1989,Mirzapur,Sonbhadra,
Uttarakhand,1981-1991,1987,Sahranpur,Sahranpur,
Uttarakhand,1981-1991,1987,Sahranpur,Hardwar,
West Bengal,1981-1991,1981,Twenty Four Parganas,North Twenty Four Parganas,
West Bengal,1981-1991,1981,Twenty Four Parganas,South Twenty Four Parganas,
Arunachal Pradesh,1991-2001,1992,Lower Subansiri,Papum Pare,
Arunachal Pradesh,1991-2001,1992,Lower Subansiri,Lower Subansiri,
Arunachal Pradesh,1991-2001,1994,East Siang,East Siang,
Arunachal Pradesh,1991-2001,1994,East Siang,Upper Siang,
Bihar,1991-2001,1994,Sitamarhi,Sitamarhi,
Bihar,1991-2001,1994,Sitamarhi,Sheohar,
Bihar,1991-2001,1991,Saharsa,Saharsa,
Bihar,1991-2001,1991,Saharsa,Supaul,
Bihar,1991-2001,1991,Bhagalpur,Bhagalpur,
Bihar,1991-2001,1991,Bhagalpur,Banka,
Bihar,1991-2001,1994,Munger,Munger,
Bihar,1991-2001,1994,Munger,Lakhisarai,
Bihar,1991-2001,1994,Munger,Sheikhpura,
Bihar,1991-2001,1991,Munger,Jamui,
Bihar,1991-2001,1991,Bhojpur,Bhojpur,
Bihar,1991-2001,1991,Bhojpur,Buxar,
Bihar,1991-2001,1991,Rohtas,Rohtas,
Bihar,1991-2001,1991,Rohtas,Kaimur (Bhabua),
Chhattisgarh,1991-2001,1998,Bastar,Bastar,
Chhattisgarh,1991-2001,1998,Bastar,Dantewada,
Chhattisgarh,1991-2001,1998,Bastar,Kanker,
Chhattisgarh,1991-2001,1998,Bilaspur,Bilaspur,
Chhattisgarh,1991-2001,1998,Bilaspur,Janjgir-Champa,
Chhattisgarh,1991-2001,1998,Bilaspur,Korba,
Chhattisgarh,1991-2001,1998,Raigarh,Raigarh,
Chhattisgarh,1991-2001,1998,Raigarh,Jashpur,
Chhattisgarh,1991-2001,1998,Raipur,Raipur,
Chhattisgarh,1991-2001,1998,Raipur,Mahasamund,
Chhattisgarh,1991-2001,1998,Raipur,Dhamtari,
Chhattisgarh,1991-2001,1998,Raj Nandgaon,Rajnandgaon,
Chhattisgarh,1991-2001,1998,Raj Nandgaon,Kawardha,
Chhattisgarh,1991-2001,1998,Surguja,Surguja,
Chhattisgarh,1991-2001,1998,Surguja,Koriya,
Delhi,1991-2001,1997,Delhi,North West,
Delhi,1991-2001,1997,Delhi,North,
Delhi,1991-2001,1997,Delhi,North East,
Delhi,1991-2001,1997,Delhi,East,
Delhi,1991-2001,1997,Delhi,New Delhi,
Delhi,1991-2001,1997,Delhi,Central,
Delhi,1991-2001,1997,Delhi,West,
Delhi,1991-2001,1997,Delhi,South West,
Delhi,1991-2001,1997,Delhi,South,
Gujarat,1991-2001,1997,Mahesana,Patan,
Gujarat,1991-2001,1997,Mahesana,Mahesana,
Gujarat,1991-2001,1997,Junagadh,Porbandar,
Gujarat,1991-2001,1997,Junagadh,Junagadh,
Gujarat,1991-2001,1997,Kheda,Anand,
Gujarat,1991-2001,1997,Kheda,Kheda,
Gujarat,1991-2001,1997,Panch Mahals,Panch Mahals,
Gujarat,1991-2001,1997,Panch Mahals,Dohad,
Gujarat,1991-2001,1997,Bharuch,Narmada,
Gujarat,1991-2001,1997,Bharuch,Bharuch,
Gujarat,1991-2001,1997,Valsad,Navsari,
Gujarat,1991-2001,1997,Valsad,Valsad,
Haryana,1991-2001,1995,Ambala,Ambala,
Haryana,1991-2001,1995,Ambala,Panchkula,
Haryana,1991-2001,1997,Hisar,Hisar,
Haryana,1991-2001,1997,Hisar,Fatehabad,
Haryana,1991-2001,1997,Rohtak,Rohtak,
Haryana,1991-2001,1997,Rohtak,Jhajjar,
Jharkhand,1991-2001,1991,Palamu,Palamu,
Jharkhand,1991-2001,1991,Palamu,Garhwa,
Jharkhand,1991-2001,1991,Hazaribag,Chatra,
Jharkhand,1991-2001,1991,Hazaribag,Hazaribag,
Jharkhand,1991-2001,1991,Dhanbad,Bokaro,
Jharkhand,1991-2001,1991,Dhanbad,Dhanbad,
Jharkhand,1991-2001,1991,Giridh,Bokaro,
Jharkhand,1991-2001,1991,Giridh,Giridh,
Jharkhand,1991-2001,1994,Hazaribag,Kodarma,
Jharkhand,1991-2001,1994,Sahibganj,Sahibganj,
Jharkhand,1991-2001,1994,Sahibganj,Pakaur,
Karnataka,1991-2001,1997,Bijapur,Bijapur,
Karnataka,1991-2001,1997,Bijapur,Bagalkot,
Karnataka,1991-2001,1997,Chitradurga,Chitradurga,
Karnataka,1991-2001,1997,Chitradurga,Davanagere,
Karnataka,1991-2001,1997,Dakshina Kannad,Dakshina Kannad,
Karnataka,1991-2001,1997,Dakshina Kannad,Udupi,
Karnataka,1991-2001,1997,Dharwad,Dharwad,
Karnataka,1991-2001,1997,Dharwad,Gadag,
Karnataka,1991-2001,1997,Dharwad,Haveri,
Karnataka,1991-2001,1997,Raichur,Raichur,
Karnataka,1991-2001,1997,Raichur,Koppal,
Karnataka,1991-2001,1998,Mysore,Mysore,
Karnataka,1991-2001,1998,Mysore,Chamarajanagar,
Madhya Pradesh,1991-2001,1982,Morena,Morena,
Madhya Pradesh,1991-2001,1982,Morena,Sheopur,
Madhya Pradesh,1991-2001,1998,Shahdol,Shahdol,
Madhya Pradesh,1991-2001,1998,Shahdol,Umaria,
Madhya Pradesh,1991-2001,1998,Mandsaur,Mandsaur,
Madhya Pradesh,1991-2001,1998,Mandsaur,Neemuch,
Madhya Pradesh,1991-2001,1998,West Nimar,West Nimar,
Madhya Pradesh,1991-2001,1998,West Nimar,Barwani,
Madhya Pradesh,1991-2001,1998,Hoshangabad,Hoshangabad,
Madhya Pradesh,1991-2001,1998,Hoshangabad,Harda,
Madhya Pradesh,1991-2001,1998,Jabalpur,Jabalpur,
Madhya Pradesh,1991-2001,1998,Jabalpur,Katni,
Madhya Pradesh,1991-2001,1998,Mandla,Mandla,
Madhya Pradesh,1991-2001,1998,Mandla,Dindori,
Maharashtra,1991-2001,1998,Dhule,Dhule,
Maharashtra,1991-2001,1998,Dhule,Nandurbar,
Maharashtra,1991-2001,1998,Akola,Akola,
Maharashtra,1991-2001,1998,Akola,Washim,
Maharashtra,1991-2001,1999,Bhandara,Bhandara,
Maharashtra,1991-2001,1999,Bhandara,Gondiya,
Maharashtra,1991-2001,1999,Parbhani,Parbhani,
Maharashtra,1991-2001,1999,Parbhani,Hingoli,
Manipur,1991-2001,1997,Imphal,Imphal West,
Manipur,1991-2001,1997,Imphal,Imphal East,
Meghalaya,1991-2001,1992,West Garo Hills,South Garo Hills,
Meghalaya,1991-2001,1992,West Garo Hills,West Garo Hills,
Meghalaya,1991-2001,1992,East Khasi Hills,Ri Bhoi,
Meghalaya,1991-2001,1992,East Khasi Hills,East Khasi Hills,
Mizoram,1991-2001,1998,Aizawl,Mamit,
Mizoram,1991-2001,1998,Aizawl,Kolasib,
Mizoram,1991-2001,1997,Aizawl,Champhai,
Mizoram,1991-2001,1998,Aizawl,Serchhip,
Mizoram,1991-2001,1998,Aizawl,Aizawl,
Mizoram,1991-2001,1998,Chhimtuipui,Lawngtlai,
Mizoram,1991-2001,1998,Chhimtuipui,Saiha,
Nagaland,1991-2001,1997,Kohima,Kohima,
Nagaland,1991-2001,1997,Kohima,Dimapur,
Odisha,1991-2001,1992,Koraput,Malkangiri,
Odisha,1991-2001,1992,Koraput,Nabrangapur,
Odisha,1991-2001,1992,Koraput,Rayagada,
Odisha,1991-2001,1992,Koraput,Koraput,
Odisha,1991-2001,1993,Balangir,Sonapur,
Odisha,1991-2001,1993,Balangir,Balangir,
Odisha,1991-2001,1993,Baleshwar,Bhadrak,
Odisha,1991-2001,1993,Baleshwar,Baleshwar,
Odisha,1991-2001,1993,Cuttack,Jagatsinghapur,
Odisha,1991-2001,1993,Cuttack,Jajapur,
Odisha,1991-2001,1993,Cuttack,Kendrapara,
Odisha,1991-2001,1993,Cuttack,Cuttack,
Odisha,1991-2001,1993,Dhenkanal,Anugul,
Odisha,1991-2001,1993,Dhenkanal,Dhenkanal,
Odisha,1991-2001,1993,Kalahandi,Nuapada,
Odisha,1991-2001,1993,Kalahandi,Kalahandi,
Odisha,1991-2001,1993,Puri,Khordha,
Odisha,1991-2001,1993,Puri,Nayagarh,
Odisha,1991-2001,1993,Puri,Puri,
Odisha,1991-2001,1994,Phulabani,Baudh,
Odisha,1991-2001,1994,Phulabani,Kandhamal,
Odisha,1991-2001,1994,Sambalpur,Jharsuguda,
Odisha,1991-2001,1994,Sambalpur,Debagarh,
Odisha,1991-2001,1994,Sambalpur,Balgarh,
Odisha,1991-2001,1994,Sambalpur,Sambalpur,
Punjab,1991-2001,1995,Faridkot,Faridkot,
Punjab,1991-2001,1995,Faridkot,Moga,
Punjab,1991-2001,1995,Faridkot,Faridkot,
Punjab,1991-2001,1995,Faridkot,Muktsar,
Punjab,1991-2001,1992,Bathinda,Bathinda,
Punjab,1991-2001,1992,Bathinda,Mansa,
Punjab,1991-2001,1992,Patiala,Patiala,
Punjab,1991-2001,1992,Patiala,Fatehgarh Sahib,
Punjab,1991-2001,1995,Hoshiarpur,Hoshiarpur,
Punjab,1991-2001,1995,Hoshiarpur,Nawanshahr,
Punjab,1991-2001,1995,Jalandhar,Jalandhar,
Punjab,1991-2001,1995,Jalandhar,Nawanshahr,
Rajasthan,1991-2001,1991,Kota,Kota,
Rajasthan,1991-2001,1991,Kota,Baran,
Rajasthan,1991-2001,1991,Jaipur,Jaipur,
Rajasthan,1991-2001,1991,Jaipur,Dausa,
Rajasthan,1991-2001,1991,Udaipur,Udaipur,
Rajasthan,1991-2001,1991,Udaipur,Rajsamand,
Rajasthan,1991-2001,1994,Ganganagar,Ganganagar,
Rajasthan,1991-2001,1994,Ganganagar,Hanumangarh,
Rajasthan,1991-2001,1997,Sawai Madhopur,Sawai Madhopur,
Rajasthan,1991-2001,1997,Sawai Madhopur,Karauli,
Tamil Nadu,1991-2001,1991,Thanjavur,Nagapattinam,
Tamil Nadu,1991-2001,1991,Thanjavur,Thanjavur,
Tamil Nadu,1991-2001,1993,South Arcot,Viluppuram,
Tamil Nadu,1991-2001,1993,South Arcot,Cuddalore,
Tamil Nadu,1991-2001,1995,Tiruchchirappalli,Karur,
Tamil Nadu,1991-2001,1995,Tiruchchirappalli,Perambalur,
Tamil Nadu,1991-2001,1995,Tiruchchirappalli,Tiruchchirappalli,
Tamil Nadu,1991-2001,1996,Madurai,Theni,
Tamil Nadu,1991-2001,1996,Madurai,Madurai,
Tamil Nadu,1991-2001,1997,Thanjavur,Tiruvarur,
Tamil Nadu,1991-2001,1997,Thanjavur,Thanjavur,
Tamil Nadu,1991-2001,1997,Nagapattinam,Tiruvarur,
Tamil Nadu,1991-2001,1997,Nagapattinam,Nagapattinam,
Tamil Nadu,1991-2001,1997,Chengalpattu MGR,Thiruvallur,
Tamil Nadu,1991-2001,1997,Chengalpattu MGR,Kancheepuram,
Tamil Nadu,1991-2001,1997,Salem,Salem,
Tamil Nadu,1991-2001,1997,Salem,Namakkal,
Tripura,1991-2001,1995,North Tripura,Dhalai,
Tripura,1991-2001,1995,North Tripura,North Tripura,
Uttar Pradesh,1991-2001,1997,Aligarh,Aligarh,
Uttar Pradesh,1991-2001,1997,Aligarh,Hathras,
Uttar Pradesh,1991-2001,1997,Allahabad,Allahabad,
Uttar Pradesh,1991-2001,1997,Allahabad,Kaushambi,
Uttar Pradesh,1991-2001,1997,Bahraich,Bahraich,
Uttar Pradesh,1991-2001,1997,Bahraich,Shrawasti,
Uttar Pradesh,1991-2001,1998,Banda,Banda,
Uttar Pradesh,1991-2001,1998,Banda,Chitrakoot,
Uttar Pradesh,1991-2001,1997,Basti,Basti,
Uttar Pradesh,1991-2001,1997,Basti,Sant Kabir Nagar,
Uttar Pradesh,1991-2001,1997,Bulandshahr,Bulandshahr,
Uttar Pradesh,1991-2001,1997,Bulandshahr,Gautam Buddha Nagar,
Uttar Pradesh,1991-2001,1994,Deoria,Deoria,
Uttar Pradesh,1991-2001,1994,Deoria,Kushinagar,
Uttar Pradesh,1991-2001,1997,Etawah,Auraiya,
Uttar Pradesh,1991-2001,1997,Etawah,Etawah',
Uttar Pradesh,1991-2001,1995,Faizabad,Ambedkar Nagar,
Uttar Pradesh,1991-2001,1995,Faizabad,Faizabad,
Uttar Pradesh,1991-2001,1997,Farrukhabad,Farrukhabad,
Uttar Pradesh,1991-2001,1997,Farrukhabad,Kannauj,
Uttar Pradesh,1991-2001,1997,Ghaziabad,Gautam Buddha Nagar,
Uttar Pradesh,1991-2001,1997,Ghaziabad,Ghaziabad,
Uttar Pradesh,1991-2001,1997,Gonda,Balrampur,
Uttar Pradesh,1991-2001,1997,Gonda,Gonda,
Uttar Pradesh,1991-2001,1995,Lalitpur,Lalitpur,
Uttar Pradesh,1991-2001,1995,Lalitpur,Mahoba,
Uttar Pradesh,1991-2001,1997,Meerut,Baghpat,
Uttar Pradesh,1991-2001,1997,Meerut,Meerut,
Uttar Pradesh,1991-2001,1997,Moradabad,Jyotiba Phule Nagar,
Uttar Pradesh,1991-2001,1997,Moradabad,Moradabad,
Uttar Pradesh,1991-2001,1997,Varanasi,Chandauli,
Uttar Pradesh,1991-2001,1997,Varanasi,Varanasi,
Uttar Pradesh,1991-2001,1994,Varanasi,Sant Ravidas Nagar,
Uttar Pradesh,1991-2001,1994,Varanasi,Varanasi,
Uttarakhand,1991-2001,1995,Nainital,Nainital,
Uttarakhand,1991-2001,1995,Nainital,Udham Singh Nagar,
Uttarakhand,1991-2001,1997,Almora,Bageshwar,
Uttarakhand,1991-2001,1997,Almora,Almora,
Uttarakhand,1991-2001,1997,Chamoli,Chamoli,
Uttarakhand,1991-2001,1997,Chamoli,Rudraprayag,
Uttarakhand,1991-2001,1997,Pithoragarh,Pithoragarh,
Uttarakhand,1991-2001,1997,Pithoragarh,Champawat,
West Bengal,1991-2001,1992,West Dinajpur,Uttar Dinajpur,
West Bengal,1991-2001,1992,West Dinajpur,Dakshin Dinajpur,
Andaman and Nicobar Islands,2001-2011,2006,Andamans,North & Middle Andaman,
Andaman and Nicobar Islands,2001-2011,2006,Andamans,South Andaman,
Arunachal Pradesh,2001-2011,2001,Lower Subansiri,Lower Subansiri,
Arunachal Pradesh,2001-2011,2001,Lower Subansiri,Kurung Kumey,
Arunachal Pradesh,2001-2011,2001,Dibang Valley,Dibang Valley,
Arunachal Pradesh,2001-2011,2001,Dibang Valley,Lower Dibang Valley,
Arunachal Pradesh,2001-2011,2004,Lohit,Lohit,
Arunachal Pradesh,2001-2011,2004,Lohit,Anjaw,
Assam,2001-2011,2003,Kamrup,Kamrup,
Assam,2001-2011,2003,Kamrup,Kamrup Metropolitan,
Assam,2001-2011,2004,Kamrup,Kamrup,
Assam,2001-2011,2004,Kamrup,Baksa,
Assam,2001-2011,2004,Barpeta,Barpeta,
Assam,2001-2011,2004,Barpeta,Baksa,
Assam,2001-2011,2004,Nalbali,Nalbali,
Assam,2001-2011,2004,Nalbali,Baksa,
Assam,2001-2011,2004,Bongaigaon,Bongaigaon,
Assam,2001-2011,2004,Bongaigaon,Chirang,
Assam,2001-2011,2004,Kokrajihar,Kokrajihar,
Assam,2001-2011,2004,Kokrajihar,Chirang,
Assam,2001-2011,2004,Darrang,Darrang,
Assam,2001-2011,2004,Darrang,Udalguri,
Assam,2001-2011,2004,Sonitpur,Sonitpur,
Assam,2001-2011,2004,Sonitpur,Udalguri,
Bihar,2001-2011,2001,Jehanabad,Jehanabad,
Bihar,2001-2011,2001,Jehanabad,Arwal,
Chhattisgarh,2001-2011,2007,Bastar,Bastar,
Chhattisgarh,2001-2011,2007,Bastar,Narayanpur,
Chhattisgarh,2001-2011,2007,Dantewada,Bijapur,
Chhattisgarh,2001-2011,2007,Dantewada,Dakshin Bastar Dantewada,
Gujarat,2001-2011,2007,Surat,Surat,
Gujarat,2001-2011,2007,Surat,Tapi,
Haryana,2001-2011,2005,Faridabad,Faridabad,
Haryana,2001-2011,2005,Faridabad,Mewat,
Haryana,2001-2011,2008,Gurgaon,Gurgaon,
Haryana,2001-2011,2008,Gurgaon,Palwal,
Jammu and Kashmir,2001-2011,2006,Anantnag,Kulgam,
Jammu and Kashmir,2001-2011,2006,Pulwama,Kulgam,
Jammu and Kashmir,2001-2011,2006,Baramula,Baramula,
Jammu and Kashmir,2001-2011,2006,Baramula,Bandipore,
Jammu and Kashmir,2001-2011,2006,Baramula,Ganderbal,
Jammu and Kashmir,2001-2011,2006,Pulwama,Pulwama,
Jammu and Kashmir,2001-2011,2006,Pulwama,Shupiyan,
Jammu and Kashmir,2001-2011,2006,Pulwama,Kulgam,
Jammu and Kashmir,2001-2011,2006,Doda,Doda,
Jammu and Kashmir,2001-2011,2006,Doda,Ramban,
Jammu and Kashmir,2001-2011,2006,Doda,Kishtwar,
Jammu and Kashmir,2001-2011,2006,Udhampur,Udhampur,
Jammu and Kashmir,2001-2011,2006,Udhampur,Reasi,
Jammu and Kashmir,2001-2011,2006,Jammu,Jammu,
Jammu and Kashmir,2001-2011,2006,Jammu,Samba,
Jharkhand,2001-2011,2001,Palamu,Palamu,
Jharkhand,2001-2011,2001,Palamu,Latehar,
Jharkhand,2001-2011,2001,Dumka,Dumka,
Jharkhand,2001-2011,2001,Dumka,Jamtara,
Jharkhand,2001-2011,2001,Gumla,Gumla,
Jharkhand,2001-2011,2001,Gumla,Simdega,
Jharkhand,2001-2011,2001,Pashchimi Singhbhum,Pashchimi Singhbhum,
Jharkhand,2001-2011,2001,Pashchimi Singhbhum,Saraikela-Kharsawan,
Jharkhand,2001-2011,2007,Hazaribag,Hazaribagh,
Jharkhand,2001-2011,2007,Hazaribag,Ramgarh,
Jharkhand,2001-2011,2007,Ranchi,Ranchi,
Jharkhand,2001-2011,2007,Ranchi,Khunti,
Karnataka,2001-2011,2007,Kolar,Kolar,
Karnataka,2001-2011,2007,Kolar,Chikkaballapura,
Karnataka,2001-2011,2007,Bangalore Rural,Bangalore Rural,
Karnataka,2001-2011,2007,Bangalore Rural,Ramanagara,
Karnataka,2001-2011,2009,Gulbarga,Gulbarga,
Karnataka,2001-2011,2009,Gulbarga,Yadgir,
Madhya Pradesh,2001-2011,2003,Shahdol,Shahdol,
Madhya Pradesh,2001-2011,2003,Shahdol,Annupur,
Madhya Pradesh,2001-2011,2003,Sidhi,Sidhi,
Madhya Pradesh,2001-2011,2003,Sidhi,Singrauli,
Madhya Pradesh,2001-2011,2003,Jhabua,Jhabua,
Madhya Pradesh,2001-2011,2003,Jhabua,Alirajpur,
Madhya Pradesh,2001-2011,2003,East Nimar,East Nimar,
Madhya Pradesh,2001-2011,2003,East Nimar,Burhanpur,
Madhya Pradesh,2001-2011,2003,Guna,Guna,
Madhya Pradesh,2001-2011,2003,Guna,Ashoknagar,
Nagaland,2001-2011,2004,Tuensang,Tuensang,
Nagaland,2001-2011,2004,Tuensang,Longleng,
Nagaland,2001-2011,2004,Tuensang,Kiphire,
Nagaland,2001-2011,2004,Kohima,Kohima,
Nagaland,2001-2011,2004,Kohima,Peren,
Punjab,2001-2011,2006,Sangrur,Sangrur,
Punjab,2001-2011,2006,Sangrur,Barnala,
Punjab,2001-2011,2006,Rupnagar,Rupnagar,
Punjab,2001-2011,2006,Rupnagar,Sahibzada Ajit Singh Nagar,
Punjab,2001-2011,2006,Amritsar,Amritsar,
Punjab,2001-2011,2006,Amritsar,Tarn Taran,
Rajasthan,2001-2011,2008,Chittaurgarh,Chittaurgarh,
Rajasthan,2001-2011,2008,Chittaurgarh,Pratapgarh,
Tamil Nadu,2001-2011,2004,Dharmapuri,Dharmapuri,
Tamil Nadu,2001-2011,2004,Dharmapuri,Krishnagiri,
Tamil Nadu,2001-2011,2007,Perambalur,Ariyalur,
Tamil Nadu,2001-2011,2007,Perambalur,Perambalur,
Tamil Nadu,2001-2011,2009,Erode,Erode,
Tamil Nadu,2001-2011,2009,Erode,Tiruppur,
Tamil Nadu,2001-2011,2009,Coimbatore,Coimbatore,
Tamil Nadu,2001-2011,2009,Coimbatore,Tiruppur,
Uttar Pradesh,2001-2011,2008,Etah,Etah,
Uttar Pradesh,2001-2011,2008,Etah,Kanshiram Nagar,
West Bengal,2001-2011,2002,Medinipur,Paschim Medinipur,
West Bengal,2001-2011,2002,Medinipur,Purba Medinipur,
Arunachal Pradesh,2011-2021,2012,Tirap,Longding,
Arunachal Pradesh,2011-2021,2012,Tirap,Tirap,
Arunachal Pradesh,2011-2021,2014,Lohit,Lohit,
Arunachal Pradesh,2011-2021,2014,Lohit,Namsai,
Arunachal Pradesh,2011-2021,2015,Kurung Kumey,Kra Daadi,
Arunachal Pradesh,2011-2021,2015,Kurung Kumey,Kurung Kumey,
Arunachal Pradesh,2011-2021,2015,East Siang,Siang,
Arunachal Pradesh,2011-2021,2015,East Siang,East Siang,
Arunachal Pradesh,2011-2021,2015,West Siang,Siang,
Arunachal Pradesh,2011-2021,2015,West Siang,West Siang,
Arunachal Pradesh,2011-2021,2017,East Siang,Lower Siang,
Arunachal Pradesh,2011-2021,2017,East Siang,East Siang,
Arunachal Pradesh,2011-2021,2017,West Siang,Lower Siang,
Arunachal Pradesh,2011-2021,2017,West Siang,West Siang,
Arunachal Pradesh,2011-2021,2017,Lower Subansiri,Kamle,
Arunachal Pradesh,2011-2021,2017,Lower Subansiri,Lower Subansiri,
Arunachal Pradesh,2011-2021,2017,Upper Subansiri,Kamle,
Arunachal Pradesh,2011-2021,2017,Upper Subansiri,Upper Subansiri,
Arunachal Pradesh,2011-2021,2018,East Kameng,Pakke-Kesang,
Arunachal Pradesh,2011-2021,2018,East Kameng,East Kameng,
Arunachal Pradesh,2011-2021,2018,Lower Siang,Lepa-Rada,
Arunachal Pradesh,2011-2021,2018,Lower Siang,Lower Siang,
Arunachal Pradesh,2011-2021,2018,West Siang,Shi-Yomi,
Arunachal Pradesh,2011-2021,2018,West Siang,West Siang,
Assam,2011-2021,2015,Sonitpur,Biswanath,
Assam,2011-2021,2015,Sonitpur,Sonitpur,
Assam,2011-2021,2015,Sivasagar,Charaideo,
Assam,2011-2021,2015,Sivasagar,Sivasagar,
Assam,2011-2021,2015,Nagaon,Hojai,
Assam,2011-2021,2015,Nagaon,Nagaon,
Assam,2011-2021,2015,Dhubri,South Salmara-Mankachar,
Assam,2011-2021,2015,Dhubri,Dhubri,
Assam,2011-2021,2015,Karbi Anglong,West Karbi Anglong,
Assam,2011-2021,2015,Karbi Anglong,Karbi Anglong,
Assam,2011-2021,2016,Jorhat,Majuli,
Assam,2011-2021,2016,Jorhat,Jorhat,
Assam,2011-2021,2020,Barpeta,Bajali,
Assam,2011-2021,2020,Barpeta,Barpeta,
Assam,2011-2021,2020,Baksa,Tamulpur,
Assam,2011-2021,2020,Baksa,Baksa,
Chhattisgarh,2011-2021,2012,Surguja,Balrampur,
Chhattisgarh,2011-2021,2012,Surguja,Surguja,
Chhattisgarh,2011-2021,2011,Surguja,Surajpur,
Chhattisgarh,2011-2021,2011,Surguja,Surguja,
Chhattisgarh,2011-2021,2012,Bilaspur,Mungeli,
Chhattisgarh,2011-2021,2012,Bilaspur,Bilaspur,
Chhattisgarh,2011-2021,2012,Durg,Balod,
Chhattisgarh,2011-2021,2012,Durg,Bemetara,
Chhattisgarh,2011-2021,2012,Durg,Durg,
Chhattisgarh,2011-2021,2012,Dakshin Bastar Dantewada,Sukma,
Chhattisgarh,2011-2021,2012,Dakshin Bastar Dantewada,Dakshin Bastar Dantewada,
Chhattisgarh,2011-2021,2012,Bastar,Kondagaon,
Chhattisgarh,2011-2021,2012,Bastar,Bastar,
Chhattisgarh,2011-2021,2012,Raipur,Baloda Bazar,
Chhattisgarh,2011-2021,2012,Raipur,Gariyaband,
Chhattisgarh,2011-2021,2012,Raipur,Raipur,
Chhattisgarh,2011-2021,2020,Bilaspur,Gaurela-Pendra-Marwahi,
Chhattisgarh,2011-2021,2020,Bilaspur,Bilaspur,
Delhi,2011-2021,2012,North West,North,
Delhi,2011-2021,2012,North West,North West,
Delhi,2011-2021,2012,South,South,
Delhi,2011-2021,2012,South,South East,
Delhi,2011-2021,2012,North East,Shahdara,
Delhi,2011-2021,2012,North East,North East,
Delhi,2011-2021,2012,East,Shahdara,
Delhi,2011-2021,2012,East,East,
Delhi,2011-2021,2012,New Delhi,New Delhi,
Delhi,2011-2021,2012,South West,New Delhi,
Delhi,2011-2021,2012,South West,South West,
Gujarat,2011-2021,2013,Sabar Kantha,Aravalli,
Gujarat,2011-2021,2013,Sabar Kantha,Sabar Kantha,
Gujarat,2011-2021,2013,Ahmadabad,Botad,
Gujarat,2011-2021,2013,Ahmadabad,Ahmadabad,
Gujarat,2011-2021,2013,Bhavnagar,Botad,
Gujarat,2011-2021,2013,Bhavnagar,Bhavnagar,
Gujarat,2011-2021,2013,Vadodara,Chhota Udepur,
Gujarat,2011-2021,2013,Vadodara,Vadodara,
Gujarat,2011-2021,2013,Jamnagar,Devbhumi Dwarka,
Gujarat,2011-2021,2013,Jamnagar,Jamnagar,
Gujarat,2011-2021,2013,Kheda,Mahisagar,
Gujarat,2011-2021,2013,Kheda,Kheda,
Gujarat,2011-2021,2013,Panch Mahals,Mahisagar,
Gujarat,2011-2021,2013,Panch Mahals,Panch Mahals,
Gujarat,2011-2021,2013,Rajkot,Morbi,
Gujarat,2011-2021,2013,Rajkot,Rajkot,
Gujarat,2011-2021,2013,Surendranagar,Morbi,
Gujarat,2011-2021,2013,Surendranagar,Surendranagar,
Gujarat,2011-2021,2013,Jamnagar,Morbi,
Gujarat,2011-2021,2013,Jamnagar,Jamnagar,
Gujarat,2011-2021,2013,Junagadh,Gir Somnath,
Gujarat,2011-2021,2013,Junagadh,Junagadh,
Haryana,2011-2021,2016,Bhiwani,Charkhi Dadri,
Haryana,2011-2021,2016,Bhiwani,Bhiwani,
Karnataka,2011-2021,2021,Ballari,Ballari,
Karnataka,2011-2021,2021,Ballari,Vijayanagara,
Madhya Pradesh,2011-2021,2013,Shajapur,Agar-Malwa,
Madhya Pradesh,2011-2021,2013,Shajapur,Shajapur,
Madhya Pradesh,2011-2021,2018,Tikamgarh,Niwari,
Madhya Pradesh,2011-2021,2018,Tikamgarh,Tikamgarh,
Maharashtra,2011-2021,2014,Thane,Thane,
Maharashtra,2011-2021,2014,Thane,Palghar,
Manipur,2011-2021,2016,Imphal East,Jiribam,
Manipur,2011-2021,2016,Imphal East,Imphal East,
Manipur,2011-2021,2016,Thoubal,Kakching,
Manipur,2011-2021,2016,Thoubal,Thoubal,
Manipur,2011-2021,2016,Ukhrul,Kamjong,
Manipur,2011-2021,2016,Ukhrul,Ukhrul,
Manipur,2011-2021,2016,Senapati,Kangpokpi,
Manipur,2011-2021,2016,Senapati,Senapati,
Manipur,2011-2021,2016,Tamenglong,Noney,
Manipur,2011-2021,2016,Tamenglong,Tamenglong,
Manipur,2011-2021,2016,Chandel,Tengnoupal,
Manipur,2011-2021,2016,Chandel,Chandel,
Manipur,2011-2021,2016,Churachandpur,Pherzawl,
Manipur,2011-2021,2016,Churachandpur,Churachandpur,
Meghalaya,2011-2021,2012,East Garo Hills,North Garo Hills,
Meghalaya,2011-2021,2012,East Garo Hills,East Garo Hills,
Meghalaya,2011-2021,2012,Jaintia Hills,West Jaintia Hills,
Meghalaya,2011-2021,2012,Jaintia Hills,East Jaintia Hills,
Meghalaya,2011-2021,2012,West Khasi Hills,South West Khasi Hills,
Meghalaya,2011-2021,2012,West Khasi Hills,West Khasi Hills,
Meghalaya,2011-2021,2021,West Khasi Hills,Eastern West Khasi Hills,
Meghalaya,2011-2021,2021,West Khasi Hills,West Khasi Hills,
Mizoram,2011-2021,2019,Aizawl,Saitual,
Mizoram,2011-2021,2019,Aizawl,Aizawl,
Mizoram,2011-2021,2019,Lunglei,Hnathial,
Mizoram,2011-2021,2019,Lunglei,Lunglei,
Mizoram,2011-2021,2019,Champhai,Khawzawl,
Mizoram,2011-2021,2019,Champhai,Champhai,
Nagaland,2011-2021,2021,Dimapur,Chumoukedima,
Nagaland,2011-2021,2021,Dimapur,Niuland,
Nagaland,2011-2021,2021,Dimapur,Dimapur,
Nagaland,2011-2021,2017,Tuensang,Noklak,
Nagaland,2011-2021,2021,Tuensang,Tuensang,
Nagaland,2011-2021,2021,Kohima,Kohima,
Nagaland,2011-2021,2021,Kohima,Tseminyü,
Punjab,2011-2021,2011,Gurdaspur,Pathankot,
Punjab,2011-2021,2011,Gurdaspur,Gurdaspur,
Punjab,2011-2021,2011,Firozpur,Fazilka,
Punjab,2011-2021,2011,Firozpur,Firozpur,
Punjab,2011-2021,2021,Sangrur,Malerkotla,
Punjab,2011-2021,2021,Sangrur,Sangrur,
Sikkim,2011-2021,2021,East,Pakyong,
Sikkim,2011-2021,2021,East,East,
Sikkim,2011-2021,2021,West,Soreng,
Sikkim,2011-2021,2021,West,West,
Tamil Nadu,2011-2021,2019,Tirunelveli,Tenkasi,
Tamil Nadu,2011-2021,2019,Tirunelveli,Tirunelveli,
Tamil Nadu,2011-2021,2019,Viluppuram,Kallakurichi,
Tamil Nadu,2011-2021,2019,Viluppuram,Viluppuram,
Tamil Nadu,2011-2021,2019,Vellore,Tirupattur,
Tamil Nadu,2011-2021,2019,Vellore,Ranipet,
Tamil Nadu,2011-2021,2019,Vellore,Vellore,
Tamil Nadu,2011-2021,2019,Kancheepuram,Chengalpattu,
Tamil Nadu,2011-2021,2019,Kancheepuram,Kancheepuram,
Tamil Nadu,2011-2021,2020,Nagapattinam,Mayiladuthurai,
Tamil Nadu,2011-2021,2020,Nagapattinam,Nagapattinam,
Telangana,2011-2021,2016,Adilabad,Adilabad,
Telangana,2011-2021,2016,Khammam,Bhadradri Kothagudem,
Telangana,2011-2021,2016,Karimnagar,Jagitial,
Telangana,2011-2021,2016,Nalgonda,Jangaon,
Telangana,2011-2021,2016,Warangal,Jangaon,
Telangana,2011-2021,2016,Karimnagar,Jayashankar Bhupalpally,
Telangana,2011-2021,2016,Warangal,Jayashankar Bhupalpally,
Telangana,2011-2021,2019,Jayashankar Bhupalpally,Jayashankar Bhupalpally,
Telangana,2011-2021,2016,Mahabubnagar,Jogulamba Gadwal,
Tripura,2011-2021,2012,South Tripura,Gomati,
Tripura,2011-2021,2012,South Tripura,South Tripura,
Tripura,2011-2021,2012,West Tripura,Khowai,
Tripura,2011-2021,2012,West Tripura,Sipahijala,
Tripura,2011-2021,2012,West Tripura,West Tripura,
Tripura,2011-2021,2012,North Tripura,Unakoti,
Tripura,2011-2021,2012,North Tripura,North Tripura,
Uttar Pradesh,2011-2021,2011,Ghaziabad,Ghaziabad,
Uttar Pradesh,2011-2021,2011,Ghaziabad,Hapur,
Uttar Pradesh,2011-2021,2011,Muzaffarnagar,Muzaffarnagar,
Uttar Pradesh,2011-2021,2011,Muzaffarnagar,Shamli,
Uttar Pradesh,2011-2021,2010,Raebareli,Amethi,
Uttar Pradesh,2011-2021,2010,Raebareli,Raebareli,
Uttar Pradesh,2011-2021,2010,Sultanpur,Amethi,
Uttar Pradesh,2011-2021,2010,Sultanpur,Sultanpur,
Uttar Pradesh,2011-2021,2011,Moradabad,Sambhal,
Uttar Pradesh,2011-2021,2011,Moradabad,Moradabad,
Uttar Pradesh,2011-2021,2011,Budaun,Sambhal,
Uttar Pradesh,2011-2021,2011,Budaun,Budaun,
West Bengal,2011-2021,2014,Jalpaiguri,Alipurduar,
West Bengal,2011-2021,2014,Jalpaiguri,Jalpaiguri,
West Bengal,2011-2021,2017,Barddhaman,Pashchim Barddhaman,
West Bengal,2011-2021,2017,Barddhaman,Purba Barddhaman,
West Bengal,2011-2021,2017,Paschim Medinipur,Jhargram,
West Bengal,2011-2021,2017,Paschim Medinipur,Paschim Medinipur,
West Bengal,2011-2021,2017,Darjiling,Kalimpong,
West Bengal,2011-2021,2017,Darjiling,Darjiling,
Telangana,2011-2021,2016,Nizamabad,Kamareddy,
Telangana,2011-2021,2016,Karimnagar,Karimnagar,
Telangana,2011-2021,2016,Khammam,Khammam,
Telangana,2011-2021,2016,Adilabad,Kumuram Bheem,
Telangana,2011-2021,2016,Khammam,Mahabubabad,
Telangana,2011-2021,2016,Warangal,Mahabubabad,
Telangana,2011-2021,2016,Mahabubnagar,Mahabubnagar,
Telangana,2011-2021,2019,Mahabubnagar,Mahabubnagar,
Telangana,2011-2021,2016,Adilabad,Mancherial,
Telangana,2011-2021,2016,Karimnagar,Medak,
Telangana,2011-2021,2016,Warangal,Medak,
Telangana,2011-2021,2016,Medak,Medak,
Telangana,2011-2021,2016,Ranga Reddy,Medchal–Malkajgiri,
Telangana,2011-2021,2019,Warangal,Mulugu,
Telangana,2011-2021,2019,Khammam,Mulugu,
Telangana,2011-2021,2016,Mahabubnagar,Nagarkurnool,
Telangana,2011-2021,2016,Nalgonda,Nalgonda,
Telangana,2011-2021,2019,Mahabubnagar,Narayanpet,
Telangana,2011-2021,2016,Adilabad,Nirmal,
Telangana,2011-2021,2016,Nizamabad,Nizamabad,
Telangana,2011-2021,2016,Karimnagar,Peddapalli,
Telangana,2011-2021,2016,Karimnagar,Rajanna Sircilla,
Telangana,2011-2021,2016,Ranga Reddy,Ranga Reddy,
Telangana,2011-2021,2016,Medak,Sangareddy,
Telangana,2011-2021,2016,Medak,Siddipet,
Telangana,2011-2021,2016,Karimnagar,Siddipet,
Telangana,2011-2021,2016,Nalgonda,Suryapet,
Telangana,2011-2021,2016,Ranga Reddy,Vikarabad,
Telangana,2011-2021,2016,Mahabubnagar,Wanaparthy,
Telangana,2011-2021,2016,Warangal,Warangal Rural,
Telangana,2011-2021,2016,Warangal,Warangal Urban,
Telangana,2011-2021,2016,Nalgonda,Yadadri Bhuvanagiri,
Andhra Pradesh,2021-2024,2022,Srikakulam,Srikakulam,
Andhra Pradesh,2021-2024,2022,Srikakulam,Parvathipuram Manyam,
Andhra Pradesh,2021-2024,2022,Vizianagaram,Vizianagaram,
Andhra Pradesh,2021-2024,2022,Vizianagaram,Parvathipuram Manyam,
Andhra Pradesh,2021-2024,2022,East Godavari,East Godavari,
Andhra Pradesh,2021-2024,2022,East Godavari,Alluri Sitharama Raju,
Andhra Pradesh,2021-2024,2022,Visakhapatnam,Visakhapatnam,
Andhra Pradesh,2021-2024,2022,Visakhapatnam,Alluri Sitharama Raju,
Andhra Pradesh,2021-2024,2022,Vizianagaram,Alluri Sitharama Raju,
Andhra Pradesh,2021-2024,2022,Visakhapatnam,Anakapalli,
Andhra Pradesh,2021-2024,2022,East Godavari,East Godavari,
Andhra Pradesh,2021-2024,2022,East Godavari,Kakinada,
Andhra Pradesh,2021-2024,2022,East Godavari,Dr. B. R. Ambedkar Konaseema,
Andhra Pradesh,2021-2024,2022,West Godavari,Eluru,
Andhra Pradesh,2021-2024,2022,West Godavari,West Godavari,
Andhra Pradesh,2021-2024,2022,Krishna,NTR,
Andhra Pradesh,2021-2024,2022,Krishna,Krishna,
Andhra Pradesh,2021-2024,2022,Guntur,Guntur,
Andhra Pradesh,2021-2024,2022,Guntur,Palnadu,
Andhra Pradesh,2021-2024,2022,Guntur,Bapatla,
Andhra Pradesh,2021-2024,2022,Kurnool,Nandyal,
Andhra Pradesh,2021-2024,2022,Anantapuramu,Anantapuramu,
Andhra Pradesh,2021-2024,2022,Anantapuramu,Sri Sathya Sai,
Andhra Pradesh,2021-2024,2022,Chittoor,Annamayya,
Andhra Pradesh,2021-2024,2022,Chittoor,Chittoor,
Andhra Pradesh,2021-2024,2022,YSR,Annamayya,
Andhra Pradesh,2021-2024,2022,YSR,YSR,
Andhra Pradesh,2021-2024,2022,Chittoor,Tirupati,
Andhra Pradesh,2021-2024,2022,Nellore,Nellore,
Andhra Pradesh,2021-2024,2022,Nellore,Tirupati,
Rajasthan,2021-2024,2023,Barmer,Balotra,
Rajasthan,2021-2024,2023,Barmer,Barmer,
Rajasthan,2021-2024,2023,Ajmer,Beawar,
Rajasthan,2021-2024,2023,Ajmer,Ajmer,
Rajasthan,2021-2024,2023,Nagaur,Didwana-Kuchaman district,
Rajasthan,2021-2024,2023,Nagaur,Nagaur,
Rajasthan,2021-2024,2023,Jaipur,Jaipur Rural,
Rajasthan,2021-2024,2023,Jaipur,Jaipur Urban,
Rajasthan,2021-2024,2023,Jodhpur,Jodhpur Rural,
Rajasthan,2021-2024,2023,Jodhpur,Jodhpur Urban,
Rajasthan,2021-2024,2023,Sriganganagar,Anupgarh district,
Rajasthan,2021-2024,2023,Sriganganagar,Sriganganagar,
Rajasthan,2021-2024,2023,Bharatpur,Deeg district,
Rajasthan,2021-2024,2023,Bharatpur,Bharatpur,
Rajasthan,2021-2024,2023,Jaipur,Dudu district,
Rajasthan,2021-2024,2023,Sawai Madhopur,Gangapur district,
Rajasthan,2021-2024,2023,Sawai Madhopur,Sawai Madhopur,
Rajasthan,2021-2024,2023,Ajmer,Kekri district,
Rajasthan,2021-2024,2023,Alwar,Khairthal-Tijara district,
Rajasthan,2021-2024,2023,Alwar,Alwar,
Rajasthan,2021-2024,2023,Jaipur,Kotputli-Behror district,
Rajasthan,2021-2024,2023,Sikar,Neem Ka Thana,
Rajasthan,2021-2024,2023,Sikar,Sikar,
Rajasthan,2021-2024,2023,Jodhpur,Phalodi district,
Rajasthan,2021-2024,2023,Udaipur,Salumbar district,
Rajasthan,2021-2024,2023,Udaipur,Udaipur,
Rajasthan,2021-2024,2023,Jalore,Sanchore district,
Rajasthan,2021-2024,2023,Jalore,Jalore,
Rajasthan,2021-2024,2023,Bhilwara,Shahpura district,
Rajasthan,2021-2024,2023,Bhilwara,Bhilwara,
